day_utc	hours	rowsRead	rowsWritten	readQueries	writeQueries	verdict
2026-08-24	24	7568935311	3270737	1857	103269	OVER
2026-08-25	24	3277276351	1363270	4611	45003	OVER
2026-08-26	24	6243981	2812	2122	2772	OVER
2026-08-27	24	4022937	84	1549	24	OVER
2026-08-28	24	56925034	588	2172	557	OVER
2026-08-29	24	7157967	4503	2504	4463	OVER
2026-08-30	24	6905998	4480	2564	4420	OVER
2026-08-31	24	6659222	4469	2392	4428	OVER
2026-09-01	24	70641734	154894	2372	3091	OVER
2026-09-02	24	1689769	7	1741	2	OVER
2026-09-03	24	1556643	12	2046	3	OVER
2026-09-04	24	2246098	33	1968	12	OVER
2026-09-05	24	1219642	12	1640	3	OVER
2026-09-06	24	1050106	17	1671	4	OVER
2026-09-07	24	2306348	7	1982	2	OVER
2026-09-08	24	1934319	38	1795	11	OVER
2026-09-09	24	747286	16	1544	5	OVER
2026-09-10	24	1775776	7	1801	2	OVER
2026-09-11	24	1240873	14	1649	6	OVER
2026-09-12	24	992020	4	1677	3	OVER
2026-09-13	24	1599334	7	1783	2	OVER
2026-09-14	24	1308221	17	1818	4	OVER
2026-09-15	24	1295381	7	1765	2	OVER
2026-09-16	24	1697804	7	1766	2	OVER
2026-09-17	24	1520863	2	1641	1	OVER
2026-09-18	24	1668045	8	1808	3	OVER
2026-09-19	24	1076637	14	1598	6	OVER
2026-09-20	24	1756651	8	1888	3	OVER
2026-09-21	24	1338528	8	1784	3	OVER
2026-09-22	24	1611839	7	1862	2	OVER
2026-09-23	24	1000817	7	1634	2	OVER
2026-09-24	24	1642627	8	2006	3	OVER
2026-09-25	24	1606422	11	1886	4	OVER
2026-09-26	24	2555650	8	2100	3	OVER
2026-09-27	24	1511444	8	1941	3	OVER
2026-09-28	24	1462105	7	1764	2	OVER
2026-09-29	24	1488114	8	1853	3	OVER
2026-09-30	24	1617772	12	1897	7	OVER
2026-10-01	24	1365710	7	1866	2	OVER
2026-10-02	24	1441546	8	1854	3	OVER
2026-10-03	24	1168183	7	1750	2	OVER
2026-10-04	24	1157899	8	1799	3	OVER
2026-10-05	24	1248088	7	1810	2	OVER
2026-10-06	24	736803	7	1584	2	OVER
